0000,12/15/2019 18:00:00.166,8534.00,8536.00,8533.25,8536.00
0001,12/15/2019 18:00:00.166,8535.00,8537.00,8535.00,8537.00
0002,12/15/2019 18:00:00.242,8536.00,8538.00,8536.00,8538.00
0003,12/15/2019 18:00:00.242,8537.00,8539.00,8537.00,8539.00
0004,12/15/2019 18:00:00.308,8538.00,8540.00,8536.00,8536.00
0005,12/15/2019 18:00:00.308,8537.00,8537.00,8535.00,8535.00
0006,12/15/2019 18:00:00.308,8536.00,8536.00,8534.00,8534.00
0007,12/15/2019 18:00:00.360,8535.00,8537.00,8533.00,8537.00
0008,12/15/2019 18:00:00.366,8536.00,8538.00,8536.00,8538.00
0009,12/15/2019 18:00:00.693,8537.00,8539.00,8535.75,8539.00
0010,12/15/2019 18:00:01.198,8538.00,8540.00,8536.00,8536.00
0011,12/15/2019 18:00:01.198,8537.00,8539.00,8535.50,8539.00
0012,12/15/2019 18:00:02.416,8538.00,8540.00,8536.00,8536.00
0013,12/15/2019 18:00:02.416,8537.00,8537.00,8535.00,8535.00
0014,12/15/2019 18:00:02.416,8536.00,8536.00,8534.00,8534.00
0015,12/15/2019 18:00:02.456,8535.00,8537.00,8533.25,8537.00
0016,12/15/2019 18:00:03.173,8536.00,8538.00,8536.00,8538.00
0017,12/15/2019 18:00:03.961,8537.00,8538.75,8535.00,8535.00
0018,12/15/2019 18:00:03.961,8536.00,8536.00,8534.00,8534.00
0019,12/15/2019 18:00:19.294,8535.00,8536.00,8533.00,8533.00
0020,12/15/2019 18:00:22.631,8534.00,8534.00,8532.00,8532.00
0021,12/15/2019 18:00:24.680,8533.00,8533.00,8531.00,8531.00
0022,12/15/2019 18:01:19.773,8532.00,8534.00,8530.25,8534.00
0023,12/15/2019 18:01:33.964,8533.00,8535.00,8533.00,8535.00
0024,12/15/2019 18:04:17.637,8534.00,8535.50,8532.00,8532.00
0025,12/15/2019 18:05:23.078,8533.00,8533.00,8531.00,8531.00
0026,12/15/2019 18:10:44.596,8532.00,8534.00,8530.00,8534.00
0027,12/15/2019 18:25:34.547,8533.00,8535.00,8532.00,8535.00
0028,12/15/2019 18:27:02.863,8534.00,8536.00,8534.00,8536.00
0029,12/15/2019 18:36:14.062,8535.00,8537.00,8534.25,8537.00
0030,12/15/2019 18:39:06.420,8536.00,8538.00,8536.00,8538.00
0031,12/15/2019 19:16:32.887,8537.00,8539.00,8535.00,8539.00
0032,12/15/2019 19:18:06.537,8538.00,8540.00,8538.00,8540.00
0033,12/15/2019 19:24:47.577,8539.00,8541.00,8538.50,8541.00
0034,12/15/2019 19:30:00.738,8540.00,8541.25,8538.00,8538.00
0035,12/15/2019 19:32:01.300,8539.00,8539.00,8537.00,8537.00
0036,12/15/2019 19:44:30.249,8538.00,8540.00,8536.75,8540.00
0037,12/15/2019 19:47:16.045,8539.00,8541.00,8539.00,8541.00
0038,12/15/2019 19:49:43.930,8540.00,8542.00,8540.00,8542.00
0039,12/15/2019 20:07:34.850,8541.00,8542.75,8539.00,8539.00
0040,12/15/2019 20:14:27.709,8540.00,8542.00,8538.50,8542.00
0041,12/15/2019 20:44:03.723,8541.00,8543.00,8539.00,8543.00
0042,12/15/2019 20:47:39.480,8542.00,8544.00,8542.00,8544.00
0043,12/15/2019 21:00:00.020,8543.00,8545.00,8542.25,8545.00
0044,12/15/2019 21:00:07.574,8544.00,8546.00,8544.00,8546.00
0045,12/15/2019 21:01:18.030,8545.00,8547.00,8543.50,8547.00
0046,12/15/2019 21:02:08.205,8546.00,8548.00,8546.00,8548.00
0047,12/15/2019 21:17:08.731,8547.00,8548.50,8545.00,8545.00
0048,12/15/2019 21:32:19.029,8546.00,8548.00,8544.75,8548.00
0049,12/15/2019 21:32:30.172,8547.00,8549.00,8547.00,8549.00
0050,12/15/2019 21:38:06.075,8548.00,8550.00,8546.00,8546.00
0051,12/15/2019 21:39:09.543,8547.00,8547.00,8545.00,8545.00
0052,12/15/2019 21:55:34.991,8546.00,8546.00,8544.00,8544.00
0053,12/15/2019 22:21:27.156,8545.00,8547.00,8543.75,8547.00
0054,12/15/2019 22:23:24.483,8546.00,8548.00,8546.00,8548.00
0055,12/15/2019 22:25:28.009,8547.00,8549.00,8547.00,8549.00
0056,12/16/2019 00:10:12.256,8548.00,8549.25,8546.00,8546.00
0057,12/16/2019 00:47:04.053,8547.00,8547.50,8545.00,8545.00
0058,12/16/2019 00:58:42.118,8546.00,8546.00,8544.00,8544.00
0059,12/16/2019 01:00:21.605,8545.00,8545.00,8543.00,8543.00
0060,12/16/2019 01:00:49.538,8544.00,8544.00,8542.00,8542.00
0061,12/16/2019 01:02:40.454,8543.00,8543.00,8541.00,8541.00
0062,12/16/2019 01:11:14.232,8542.00,8544.00,8540.50,8544.00
0063,12/16/2019 01:13:29.720,8543.00,8545.00,8543.00,8545.00
0064,12/16/2019 01:14:06.837,8544.00,8546.00,8544.00,8546.00
0065,12/16/2019 01:14:21.315,8545.00,8547.00,8545.00,8547.00
0066,12/16/2019 01:15:06.118,8546.00,8548.00,8546.00,8548.00
0067,12/16/2019 01:18:06.895,8547.00,8549.00,8547.00,8549.00
0068,12/16/2019 01:35:31.724,8548.00,8549.50,8546.00,8546.00
0069,12/16/2019 01:45:15.730,8547.00,8549.00,8545.50,8549.00
0070,12/16/2019 01:46:01.313,8548.00,8550.00,8548.00,8550.00
0071,12/16/2019 01:46:01.513,8549.00,8551.00,8549.00,8551.00
0072,12/16/2019 01:46:18.001,8550.00,8552.00,8550.00,8552.00
0073,12/16/2019 01:48:27.892,8551.00,8553.00,8551.00,8553.00
0074,12/16/2019 02:01:47.158,8552.00,8554.00,8550.00,8554.00
0075,12/16/2019 02:05:16.871,8553.00,8554.75,8551.00,8551.00
0076,12/16/2019 02:05:22.757,8552.00,8552.00,8550.00,8550.00
0077,12/16/2019 02:09:30.920,8551.00,8551.50,8549.00,8549.00
0078,12/16/2019 02:19:37.056,8550.00,8550.50,8548.00,8548.00
0079,12/16/2019 02:24:16.049,8549.00,8549.00,8547.00,8547.00
0080,12/16/2019 03:00:25.905,8548.00,8550.00,8546.00,8546.00
0081,12/16/2019 03:01:01.853,8547.00,8549.00,8545.50,8549.00
0082,12/16/2019 03:01:07.783,8548.00,8550.00,8548.00,8550.00
0083,12/16/2019 03:01:09.745,8549.00,8551.00,8549.00,8551.00
0084,12/16/2019 03:01:12.059,8550.00,8552.00,8550.00,8552.00
0085,12/16/2019 03:01:12.232,8551.00,8553.00,8551.00,8553.00
0086,12/16/2019 03:01:12.341,8552.00,8554.00,8552.00,8554.00
0087,12/16/2019 03:01:12.704,8553.00,8555.00,8553.00,8555.00
0088,12/16/2019 03:01:13.391,8554.00,8556.00,8554.00,8556.00
0089,12/16/2019 03:01:38.703,8555.00,8556.50,8553.00,8553.00
0090,12/16/2019 03:01:56.984,8554.00,8554.00,8552.00,8552.00
0091,12/16/2019 03:02:09.073,8553.00,8553.00,8551.00,8551.00
0092,12/16/2019 03:02:15.233,8552.00,8552.00,8550.00,8550.00
0093,12/16/2019 03:02:32.398,8551.00,8551.00,8549.00,8549.00
0094,12/16/2019 03:08:51.629,8550.00,8552.00,8548.00,8548.00
0095,12/16/2019 03:09:14.596,8549.00,8549.00,8547.00,8547.00
0096,12/16/2019 03:09:44.446,8548.00,8550.00,8546.50,8550.00
0097,12/16/2019 03:10:11.107,8549.00,8551.00,8548.25,8551.00
0098,12/16/2019 03:10:14.317,8550.00,8552.00,8550.00,8552.00
0099,12/16/2019 03:15:00.519,8551.00,8552.50,8549.00,8549.00
0100,12/16/2019 03:15:01.126,8550.00,8550.00,8548.00,8548.00
0101,12/16/2019 03:15:06.809,8549.00,8551.00,8547.00,8551.00
0102,12/16/2019 03:15:34.117,8550.00,8552.00,8548.75,8552.00
0103,12/16/2019 03:15:38.212,8551.00,8553.00,8551.00,8553.00
0104,12/16/2019 03:15:39.931,8552.00,8554.00,8552.00,8554.00
0105,12/16/2019 03:20:46.130,8553.00,8554.75,8551.00,8551.00
0106,12/16/2019 03:24:08.223,8552.00,8552.75,8550.00,8550.00
0107,12/16/2019 03:25:02.647,8551.00,8553.00,8549.75,8553.00
0108,12/16/2019 03:27:55.902,8552.00,8554.00,8551.25,8554.00
0109,12/16/2019 03:30:00.262,8553.00,8554.75,8551.00,8551.00
0110,12/16/2019 03:30:27.306,8552.00,8554.00,8550.50,8554.00
0111,12/16/2019 03:30:35.488,8553.00,8555.00,8553.00,8555.00
0112,12/16/2019 03:30:36.127,8554.00,8556.00,8554.00,8556.00
0113,12/16/2019 03:49:37.154,8555.00,8557.00,8553.00,8553.00
0114,12/16/2019 03:49:46.446,8554.00,8554.00,8552.00,8552.00
0115,12/16/2019 03:51:32.027,8553.00,8555.00,8551.25,8555.00
0116,12/16/2019 03:51:37.907,8554.00,8556.00,8554.00,8556.00
0117,12/16/2019 03:51:38.766,8555.00,8557.00,8555.00,8557.00
0118,12/16/2019 03:52:52.858,8556.00,8558.00,8556.00,8558.00
0119,12/16/2019 03:55:04.663,8557.00,8558.75,8555.00,8555.00
0120,12/16/2019 03:56:27.992,8556.00,8556.00,8554.00,8554.00
0121,12/16/2019 03:57:08.191,8555.00,8555.00,8553.00,8553.00
0122,12/16/2019 04:01:20.194,8554.00,8554.75,8552.00,8552.00
0123,12/16/2019 04:03:03.464,8553.00,8553.00,8551.00,8551.00
0124,12/16/2019 04:21:41.987,8552.00,8554.00,8550.25,8554.00
0125,12/16/2019 04:30:05.054,8553.00,8554.25,8551.00,8551.00
0126,12/16/2019 04:40:54.234,8552.00,8554.00,8550.50,8554.00
0127,12/16/2019 04:43:13.743,8553.00,8555.00,8553.00,8555.00
0128,12/16/2019 05:14:09.148,8554.00,8555.75,8552.00,8552.00
0129,12/16/2019 05:14:59.090,8553.00,8553.00,8551.00,8551.00
0130,12/16/2019 05:15:00.559,8552.00,8552.00,8550.00,8550.00
0131,12/16/2019 05:15:03.476,8551.00,8551.00,8549.00,8549.00
0132,12/16/2019 05:32:07.396,8550.00,8552.00,8548.50,8552.00
0133,12/16/2019 05:33:01.015,8551.00,8553.00,8551.00,8553.00
0134,12/16/2019 05:41:15.620,8552.00,8554.00,8551.75,8554.00
0135,12/16/2019 05:44:27.779,8553.00,8554.25,8551.00,8551.00
0136,12/16/2019 05:45:24.877,8552.00,8552.00,8550.00,8550.00
0137,12/16/2019 05:50:12.640,8551.00,8551.00,8549.00,8549.00
0138,12/16/2019 05:51:29.441,8550.00,8550.00,8548.00,8548.00
0139,12/16/2019 06:02:00.811,8549.00,8551.00,8547.50,8551.00
0140,12/16/2019 06:03:51.802,8550.00,8552.00,8550.00,8552.00
0141,12/16/2019 06:06:36.700,8551.00,8553.00,8550.50,8553.00
0142,12/16/2019 06:06:52.830,8552.00,8554.00,8552.00,8554.00
0143,12/16/2019 06:06:53.340,8553.00,8555.00,8553.00,8555.00
0144,12/16/2019 06:07:13.175,8554.00,8556.00,8554.00,8556.00
0145,12/16/2019 06:07:18.841,8555.00,8557.00,8555.00,8557.00
0146,12/16/2019 06:07:18.857,8556.00,8558.00,8556.00,8558.00
0147,12/16/2019 06:09:28.457,8557.00,8558.50,8555.00,8555.00
0148,12/16/2019 06:48:46.798,8556.00,8558.00,8554.25,8558.00
0149,12/16/2019 07:00:02.355,8557.00,8558.25,8555.00,8555.00
0150,12/16/2019 07:16:03.728,8556.00,8558.00,8554.75,8558.00
0151,12/16/2019 07:17:33.715,8557.00,8559.00,8557.00,8559.00
0152,12/16/2019 07:17:40.791,8558.00,8560.00,8558.00,8560.00
0153,12/16/2019 07:18:32.788,8559.00,8561.00,8559.00,8561.00
0154,12/16/2019 07:29:37.851,8560.00,8562.00,8559.50,8562.00
0155,12/16/2019 07:43:53.652,8561.00,8563.00,8559.75,8563.00
0156,12/16/2019 07:43:53.658,8562.00,8564.00,8562.00,8564.00
0157,12/16/2019 07:44:28.563,8563.00,8565.00,8561.00,8561.00
0158,12/16/2019 07:54:55.625,8562.00,8564.00,8560.50,8564.00
0159,12/16/2019 07:55:01.678,8563.00,8565.00,8563.00,8565.00
0160,12/16/2019 07:57:58.703,8564.00,8566.00,8564.00,8566.00
0161,12/16/2019 08:01:18.536,8565.00,8567.00,8564.25,8567.00
0162,12/16/2019 08:01:23.979,8566.00,8568.00,8566.00,8568.00
0163,12/16/2019 08:02:01.841,8567.00,8569.00,8567.00,8569.00
0164,12/16/2019 08:05:29.364,8568.00,8569.25,8566.00,8566.00
0165,12/16/2019 08:10:03.366,8567.00,8567.00,8565.00,8565.00
0166,12/16/2019 08:16:45.962,8566.00,8568.00,8564.75,8568.00
0167,12/16/2019 08:17:11.538,8567.00,8569.00,8567.00,8569.00
0168,12/16/2019 08:17:11.765,8568.00,8570.00,8568.00,8570.00
0169,12/16/2019 08:19:00.504,8569.00,8571.00,8567.00,8567.00
0170,12/16/2019 08:22:28.881,8568.00,8568.00,8566.00,8566.00
0171,12/16/2019 08:30:54.384,8567.00,8569.00,8565.50,8569.00
0172,12/16/2019 08:31:10.075,8568.00,8570.00,8568.00,8570.00
0173,12/16/2019 08:31:42.014,8569.00,8571.00,8569.00,8571.00
0174,12/16/2019 08:31:45.202,8570.00,8572.00,8570.00,8572.00
0175,12/16/2019 08:35:01.754,8571.00,8572.50,8569.00,8569.00
0176,12/16/2019 08:35:44.099,8570.00,8570.00,8568.00,8568.00
0177,12/16/2019 08:36:32.431,8569.00,8569.00,8567.00,8567.00
0178,12/16/2019 08:47:49.820,8568.00,8570.00,8566.75,8570.00
0179,12/16/2019 08:48:30.035,8569.00,8571.00,8569.00,8571.00
0180,12/16/2019 08:49:02.904,8570.00,8572.00,8570.00,8572.00
0181,12/16/2019 08:49:03.680,8571.00,8573.00,8571.00,8573.00
0182,12/16/2019 08:49:46.829,8572.00,8574.00,8571.50,8574.00
0183,12/16/2019 08:52:03.421,8573.00,8574.25,8571.00,8571.00
0184,12/16/2019 09:01:31.741,8572.00,8574.00,8570.00,8574.00
0185,12/16/2019 09:02:02.777,8573.00,8575.00,8573.00,8575.00
0186,12/16/2019 09:12:21.817,8574.00,8576.00,8572.00,8576.00
0187,12/16/2019 09:29:12.407,8575.00,8577.00,8573.00,8573.00
0188,12/16/2019 09:29:53.295,8574.00,8574.50,8572.00,8572.00
0189,12/16/2019 09:30:01.201,8573.00,8575.00,8571.25,8575.00
0190,12/16/2019 09:30:17.990,8574.00,8575.75,8572.00,8572.00
0191,12/16/2019 09:30:31.402,8573.00,8575.00,8571.50,8575.00
0192,12/16/2019 09:30:34.029,8574.00,8576.00,8574.00,8576.00
0193,12/16/2019 09:30:34.826,8575.00,8577.00,8575.00,8577.00
0194,12/16/2019 09:30:34.826,8576.00,8578.00,8576.00,8578.00
0195,12/16/2019 09:30:48.838,8577.00,8579.00,8576.00,8579.00
0196,12/16/2019 09:30:57.208,8578.00,8580.00,8577.75,8580.00
0197,12/16/2019 09:31:02.141,8579.00,8581.00,8579.00,8581.00
0198,12/16/2019 09:31:07.668,8580.00,8582.00,8580.00,8582.00
0199,12/16/2019 09:31:32.585,8581.00,8583.00,8579.50,8583.00
0200,12/16/2019 09:32:30.061,8582.00,8584.00,8580.50,8584.00
0201,12/16/2019 09:32:54.923,8583.00,8584.75,8581.00,8581.00
0202,12/16/2019 09:33:00.655,8582.00,8582.00,8580.00,8580.00
0203,12/16/2019 09:33:07.740,8581.00,8583.00,8579.75,8583.00
0204,12/16/2019 09:33:42.927,8582.00,8584.00,8580.25,8584.00
0205,12/16/2019 09:33:44.011,8583.00,8585.00,8583.00,8585.00
0206,12/16/2019 09:33:44.011,8584.00,8586.00,8584.00,8586.00
0207,12/16/2019 09:34:00.073,8585.00,8586.25,8583.00,8583.00
0208,12/16/2019 09:34:02.975,8584.00,8584.00,8582.00,8582.00
0209,12/16/2019 09:34:07.990,8583.00,8583.00,8581.00,8581.00
0210,12/16/2019 09:34:15.293,8582.00,8584.00,8580.00,8584.00
0211,12/16/2019 09:34:18.074,8583.00,8585.00,8583.00,8585.00
0212,12/16/2019 09:34:32.022,8584.00,8586.00,8584.00,8586.00
0213,12/16/2019 09:34:44.666,8585.00,8587.00,8585.00,8587.00
0214,12/16/2019 09:34:57.323,8586.00,8587.25,8584.00,8584.00
0215,12/16/2019 09:35:36.307,8585.00,8587.00,8583.75,8587.00
0216,12/16/2019 09:35:41.644,8586.00,8588.00,8586.00,8588.00
0217,12/16/2019 09:35:59.839,8587.00,8588.25,8585.00,8585.00
0218,12/16/2019 09:36:09.112,8586.00,8586.00,8584.00,8584.00
0219,12/16/2019 09:36:11.839,8585.00,8585.00,8583.00,8583.00
0220,12/16/2019 09:37:12.529,8584.00,8586.00,8582.00,8586.00
0221,12/16/2019 09:37:19.460,8585.00,8587.00,8585.00,8587.00
0222,12/16/2019 09:37:21.527,8586.00,8588.00,8586.00,8588.00
0223,12/16/2019 09:37:40.802,8587.00,8589.00,8587.00,8589.00
0224,12/16/2019 09:38:25.433,8588.00,8590.00,8586.75,8590.00
0225,12/16/2019 09:39:48.631,8589.00,8590.25,8587.00,8587.00
0226,12/16/2019 09:39:53.296,8588.00,8588.00,8586.00,8586.00
0227,12/16/2019 09:41:03.475,8587.00,8589.00,8585.00,8589.00
0228,12/16/2019 09:41:06.340,8588.00,8590.00,8588.00,8590.00
0229,12/16/2019 09:41:31.167,8589.00,8591.00,8588.25,8591.00
0230,12/16/2019 09:41:31.168,8590.00,8592.00,8590.00,8592.00
0231,12/16/2019 09:42:24.058,8591.00,8593.00,8590.50,8593.00
0232,12/16/2019 09:42:37.297,8592.00,8594.00,8592.00,8594.00
0233,12/16/2019 09:44:06.738,8593.00,8594.50,8591.00,8591.00
0234,12/16/2019 09:44:11.582,8592.00,8592.00,8590.00,8590.00
0235,12/16/2019 09:44:20.638,8591.00,8591.00,8589.00,8589.00
0236,12/16/2019 09:44:29.744,8590.00,8590.00,8588.00,8588.00
0237,12/16/2019 09:44:54.865,8589.00,8591.00,8587.25,8591.00
0238,12/16/2019 09:45:00.549,8590.00,8592.00,8589.25,8592.00
0239,12/16/2019 09:45:01.164,8591.00,8593.00,8591.00,8593.00
0240,12/16/2019 09:45:17.514,8592.00,8594.00,8590.50,8594.00
0241,12/16/2019 09:45:24.713,8593.00,8595.00,8591.75,8595.00
0242,12/16/2019 09:45:34.771,8594.00,8596.00,8593.50,8596.00
0243,12/16/2019 09:45:52.697,8595.00,8597.00,8595.00,8597.00
0244,12/16/2019 09:46:37.689,8596.00,8598.00,8595.25,8598.00
0245,12/16/2019 09:46:48.202,8597.00,8599.00,8597.00,8599.00
0246,12/16/2019 09:47:29.020,8598.00,8600.00,8596.75,8600.00
0247,12/16/2019 09:47:30.221,8599.00,8601.00,8599.00,8601.00
0248,12/16/2019 09:47:51.869,8600.00,8602.00,8599.50,8602.00
0249,12/16/2019 09:48:00.342,8601.00,8603.00,8601.00,8603.00
0250,12/16/2019 09:49:10.361,8602.00,8604.00,8600.00,8600.00
0251,12/16/2019 09:49:27.509,8601.00,8602.25,8599.00,8599.00
0252,12/16/2019 09:49:36.039,8600.00,8600.00,8598.00,8598.00
0253,12/16/2019 09:49:51.735,8599.00,8599.00,8597.00,8597.00
0254,12/16/2019 09:50:09.213,8598.00,8600.00,8596.75,8600.00
0255,12/16/2019 09:52:21.748,8599.00,8601.00,8597.25,8601.00
0256,12/16/2019 09:52:51.319,8600.00,8602.00,8600.00,8602.00
0257,12/16/2019 09:54:30.580,8601.00,8603.00,8599.00,8599.00
0258,12/16/2019 09:55:02.892,8600.00,8600.00,8598.00,8598.00
0259,12/16/2019 09:55:44.657,8599.00,8599.00,8597.00,8597.00
0260,12/16/2019 09:56:05.613,8598.00,8598.50,8596.00,8596.00
0261,12/16/2019 09:56:35.799,8597.00,8597.00,8595.00,8595.00
0262,12/16/2019 09:57:11.165,8596.00,8596.50,8594.00,8594.00
0263,12/16/2019 10:00:00.352,8595.00,8597.00,8593.00,8597.00
0264,12/16/2019 10:00:12.256,8596.00,8598.00,8595.75,8598.00
0265,12/16/2019 10:00:43.314,8597.00,8598.75,8595.00,8595.00
0266,12/16/2019 10:01:11.388,8596.00,8596.25,8594.00,8594.00
0267,12/16/2019 10:01:51.928,8595.00,8597.00,8593.75,8597.00
0268,12/16/2019 10:02:04.892,8596.00,8598.00,8596.00,8598.00
0269,12/16/2019 10:02:08.028,8597.00,8599.00,8597.00,8599.00
0270,12/16/2019 10:02:37.409,8598.00,8600.00,8598.00,8600.00
0271,12/16/2019 10:03:33.439,8599.00,8601.00,8598.00,8601.00
0272,12/16/2019 10:05:08.203,8600.00,8602.00,8598.25,8602.00
0273,12/16/2019 10:05:26.791,8601.00,8602.50,8599.00,8599.00
0274,12/16/2019 10:05:36.349,8600.00,8600.00,8598.00,8598.00
0275,12/16/2019 10:09:04.365,8599.00,8601.00,8597.00,8601.00
0276,12/16/2019 10:11:50.592,8600.00,8602.00,8598.75,8602.00
0277,12/16/2019 10:12:48.988,8601.00,8603.00,8600.50,8603.00
0278,12/16/2019 10:12:51.645,8602.00,8604.00,8602.00,8604.00
0279,12/16/2019 10:12:51.795,8603.00,8605.00,8603.00,8605.00
0280,12/16/2019 10:15:47.178,8604.00,8605.50,8602.00,8602.00
0281,12/16/2019 10:18:19.734,8603.00,8605.00,8601.25,8605.00
0282,12/16/2019 10:18:19.735,8604.00,8606.00,8604.00,8606.00
0283,12/16/2019 10:22:13.240,8605.00,8607.00,8604.50,8607.00
0284,12/16/2019 10:23:37.373,8606.00,8608.00,8605.75,8608.00
0285,12/16/2019 10:23:59.404,8607.00,8609.00,8607.00,8609.00
0286,12/16/2019 10:25:32.913,8608.00,8610.00,8608.00,8610.00
0287,12/16/2019 10:25:57.241,8609.00,8611.00,8609.00,8611.00
0288,12/16/2019 10:26:30.377,8610.00,8612.00,8610.00,8612.00
0289,12/16/2019 10:28:25.350,8611.00,8613.00,8610.50,8613.00
0290,12/16/2019 10:32:35.351,8612.00,8614.00,8610.00,8610.00
0291,12/16/2019 10:40:07.419,8611.00,8613.00,8609.00,8613.00
0292,12/16/2019 10:44:26.422,8612.00,8614.00,8611.50,8614.00
0293,12/16/2019 10:45:04.658,8613.00,8615.00,8612.50,8615.00
0294,12/16/2019 10:48:35.390,8614.00,8615.50,8612.00,8612.00
0295,12/16/2019 10:49:42.920,8613.00,8613.00,8611.00,8611.00
0296,12/16/2019 10:58:16.033,8612.00,8612.75,8610.00,8610.00
0297,12/16/2019 11:06:04.547,8611.00,8611.50,8609.00,8609.00
0298,12/16/2019 11:06:11.110,8610.00,8610.00,8608.00,8608.00
0299,12/16/2019 11:07:34.165,8609.00,8611.00,8607.75,8611.00
0300,12/16/2019 11:09:26.202,8610.00,8612.00,8610.00,8612.00
0301,12/16/2019 11:15:53.107,8611.00,8612.50,8609.00,8609.00
0302,12/16/2019 11:18:44.030,8610.00,8612.00,8608.25,8612.00
0303,12/16/2019 11:19:05.554,8611.00,8613.00,8611.00,8613.00
0304,12/16/2019 11:20:12.875,8612.00,8613.25,8610.00,8610.00
0305,12/16/2019 11:39:11.090,8611.00,8613.00,8609.00,8609.00
0306,12/16/2019 11:46:47.947,8610.00,8612.00,8608.00,8608.00
0307,12/16/2019 11:47:16.643,8609.00,8609.00,8607.00,8607.00
0308,12/16/2019 11:48:59.783,8608.00,8608.00,8606.00,8606.00
0309,12/16/2019 11:52:06.807,8607.00,8607.00,8605.00,8605.00
0310,12/16/2019 11:55:08.684,8606.00,8608.00,8604.50,8608.00
0311,12/16/2019 11:55:32.989,8607.00,8609.00,8607.00,8609.00
0312,12/16/2019 11:56:05.727,8608.00,8610.00,8608.00,8610.00
0313,12/16/2019 11:57:09.984,8609.00,8611.00,8609.00,8611.00
0314,12/16/2019 11:58:31.109,8610.00,8612.00,8610.00,8612.00
0315,12/16/2019 12:01:01.260,8611.00,8613.00,8611.00,8613.00
0316,12/16/2019 12:03:44.061,8612.00,8614.00,8611.75,8614.00
0317,12/16/2019 12:05:31.038,8613.00,8615.00,8613.00,8615.00
0318,12/16/2019 12:07:24.063,8614.00,8615.50,8612.00,8612.00
0319,12/16/2019 12:08:30.325,8613.00,8613.75,8611.00,8611.00
0320,12/16/2019 12:08:37.619,8612.00,8612.00,8610.00,8610.00
0321,12/16/2019 12:19:10.327,8611.00,8613.00,8609.50,8613.00
0322,12/16/2019 12:20:37.427,8612.00,8614.00,8612.00,8614.00
0323,12/16/2019 12:24:56.449,8613.00,8615.00,8613.00,8615.00
0324,12/16/2019 12:25:06.574,8614.00,8616.00,8614.00,8616.00
0325,12/16/2019 12:25:36.641,8615.00,8617.00,8615.00,8617.00
0326,12/16/2019 12:36:23.388,8616.00,8617.25,8614.00,8614.00
0327,12/16/2019 12:46:35.345,8615.00,8616.25,8613.00,8613.00
0328,12/16/2019 12:57:48.363,8614.00,8614.25,8612.00,8612.00
0329,12/16/2019 13:10:41.572,8613.00,8614.25,8611.00,8611.00
0330,12/16/2019 13:11:06.233,8612.00,8612.00,8610.00,8610.00
0331,12/16/2019 13:26:15.449,8611.00,8611.50,8609.00,8609.00
0332,12/16/2019 13:28:24.640,8610.00,8610.00,8608.00,8608.00
0333,12/16/2019 13:31:15.772,8609.00,8611.00,8607.00,8611.00
0334,12/16/2019 13:32:15.898,8610.00,8612.00,8610.00,8612.00
0335,12/16/2019 13:37:13.714,8611.00,8612.50,8609.00,8609.00
0336,12/16/2019 13:42:09.360,8610.00,8612.00,8608.00,8612.00
0337,12/16/2019 13:47:01.978,8611.00,8613.00,8611.00,8613.00
0338,12/16/2019 13:47:12.970,8612.00,8614.00,8612.00,8614.00
0339,12/16/2019 13:58:17.624,8613.00,8615.00,8613.00,8615.00
0340,12/16/2019 14:00:20.733,8614.00,8616.00,8614.00,8616.00
0341,12/16/2019 14:00:32.386,8615.00,8617.00,8615.00,8617.00
0342,12/16/2019 14:05:31.130,8616.00,8617.50,8614.00,8614.00
0343,12/16/2019 14:05:56.105,8615.00,8615.00,8613.00,8613.00
0344,12/16/2019 14:06:23.187,8614.00,8614.00,8612.00,8612.00
0345,12/16/2019 14:07:46.015,8613.00,8613.00,8611.00,8611.00
0346,12/16/2019 14:15:00.732,8612.00,8612.75,8610.00,8610.00
0347,12/16/2019 14:15:41.527,8611.00,8611.00,8609.00,8609.00
0348,12/16/2019 14:28:14.014,8610.00,8611.25,8608.00,8608.00
0349,12/16/2019 14:29:11.516,8609.00,8609.00,8607.00,8607.00
0350,12/16/2019 14:33:16.567,8608.00,8608.50,8606.00,8606.00
0351,12/16/2019 14:42:10.598,8607.00,8609.00,8605.75,8609.00
0352,12/16/2019 14:54:04.483,8608.00,8609.75,8606.00,8606.00
0353,12/16/2019 14:57:55.408,8607.00,8609.00,8605.00,8609.00
0354,12/16/2019 14:58:46.101,8608.00,8609.25,8606.00,8606.00
0355,12/16/2019 15:11:53.218,8607.00,8609.00,8605.50,8609.00
0356,12/16/2019 15:12:05.461,8608.00,8610.00,8608.00,8610.00
0357,12/16/2019 15:12:14.036,8609.00,8611.00,8609.00,8611.00
0358,12/16/2019 15:14:09.642,8610.00,8611.25,8608.00,8608.00
0359,12/16/2019 15:14:17.565,8609.00,8609.00,8607.00,8607.00
0360,12/16/2019 15:17:09.950,8608.00,8609.50,8606.00,8606.00
0361,12/16/2019 15:22:53.789,8607.00,8609.00,8605.25,8609.00
0362,12/16/2019 15:23:37.162,8608.00,8610.00,8608.00,8610.00
0363,12/16/2019 15:26:40.800,8609.00,8611.00,8609.00,8611.00
0364,12/16/2019 15:29:01.169,8610.00,8611.75,8608.00,8608.00
0365,12/16/2019 15:29:42.145,8609.00,8609.00,8607.00,8607.00
0366,12/16/2019 15:30:10.991,8608.00,8608.00,8606.00,8606.00
0367,12/16/2019 15:30:16.378,8607.00,8607.00,8605.00,8605.00
0368,12/16/2019 15:30:16.378,8606.00,8606.00,8604.00,8604.00
0369,12/16/2019 15:32:11.522,8605.00,8607.00,8603.50,8607.00
0370,12/16/2019 15:32:49.272,8606.00,8608.00,8606.00,8608.00
0371,12/16/2019 15:32:53.904,8607.00,8609.00,8607.00,8609.00
0372,12/16/2019 15:33:41.082,8608.00,8610.00,8607.75,8610.00
0373,12/16/2019 15:33:55.028,8609.00,8611.00,8609.00,8611.00
0374,12/16/2019 15:34:02.254,8610.00,8612.00,8610.00,8612.00
0375,12/16/2019 15:35:09.875,8611.00,8613.00,8611.00,8613.00
0376,12/16/2019 15:40:56.041,8612.00,8614.00,8610.00,8610.00
0377,12/16/2019 15:41:09.055,8611.00,8611.00,8609.00,8609.00
0378,12/16/2019 15:41:31.899,8610.00,8610.00,8608.00,8608.00
0379,12/16/2019 15:42:08.031,8609.00,8609.00,8607.00,8607.00
0380,12/16/2019 15:43:01.239,8608.00,8608.00,8606.00,8606.00
0381,12/16/2019 15:45:05.261,8607.00,8607.00,8605.00,8605.00
0382,12/16/2019 15:45:18.678,8606.00,8606.00,8604.00,8604.00
0383,12/16/2019 15:45:21.083,8605.00,8605.00,8603.00,8603.00
0384,12/16/2019 15:46:46.385,8604.00,8604.50,8602.00,8602.00
0385,12/16/2019 15:49:52.957,8603.00,8605.00,8601.75,8605.00
0386,12/16/2019 15:49:56.790,8604.00,8606.00,8604.00,8606.00
0387,12/16/2019 15:50:00.013,8605.00,8607.00,8605.00,8607.00
0388,12/16/2019 15:50:00.038,8606.00,8608.00,8606.00,8608.00
0389,12/16/2019 15:50:00.038,8607.00,8609.00,8607.00,8609.00
0390,12/16/2019 15:50:00.100,8608.00,8610.00,8607.75,8610.00
0391,12/16/2019 15:50:03.673,8609.00,8611.00,8607.50,8611.00
0392,12/16/2019 15:50:20.160,8610.00,8611.75,8608.00,8608.00
0393,12/16/2019 15:52:46.057,8609.00,8610.25,8607.00,8607.00
0394,12/16/2019 15:53:06.161,8608.00,8608.00,8606.00,8606.00
0395,12/16/2019 15:53:20.702,8607.00,8607.00,8605.00,8605.00
0396,12/16/2019 15:53:36.840,8606.00,8606.00,8604.00,8604.00
0397,12/16/2019 15:55:00.997,8605.00,8606.50,8603.00,8603.00
0398,12/16/2019 15:55:54.619,8604.00,8604.00,8602.00,8602.00
0399,12/16/2019 15:56:32.983,8603.00,8605.00,8601.25,8605.00
0400,12/16/2019 15:59:58.002,8604.00,8606.00,8602.00,8602.00
0401,12/16/2019 16:00:00.030,8603.00,8603.00,8601.00,8601.00
0402,12/16/2019 16:00:28.453,8602.00,8604.00,8600.25,8604.00
0403,12/16/2019 16:04:22.223,8603.00,8605.00,8602.75,8605.00
0404,12/16/2019 16:14:48.011,8604.00,8606.00,8602.00,8606.00
0405,12/16/2019 16:14:51.010,8605.00,8607.00,8605.00,8607.00
0406,12/16/2019 16:14:54.006,8606.00,8608.00,8606.00,8608.00
0407,12/16/2019 16:31:12.320,8607.00,8609.00,8606.50,8609.00
0408,12/16/2019 16:36:14.945,8608.00,8610.00,8608.00,8610.00
0409,12/16/2019 16:45:01.095,8609.00,8611.00,8609.00,8611.00
0410,12/16/2019 16:50:01.358,8610.00,8612.00,8610.00,8612.00
0411,12/16/2019 16:57:17.384,8611.00,8612.50,8609.00,8609.00
0412,12/16/2019 16:58:05.761,8610.00,8610.00,8608.00,8608.00
